{
	"$schema": "https://schemas.wp.org/wp/6.8/theme.json",
	"settings": {
		"appearanceTools": true,
		"blocks": {
			"core/image": {
				"lightbox": {
					"allowEditing": false,
					"enabled": false
				}
			}
		},
		"color": {
			"background": true,
			"custom": true,
			"customDuotone": true,
			"customGradient": true,
			"defaultDuotone": true,
			"defaultGradients": true,
			"defaultPalette": true,
			"duotone": [],
			"gradients": [],
			"palette": [
				{
					"color": "#2544e3",
					"name": "Base",
					"slug": "base"
				},
				{
					"color": "#ffffff",
					"name": "Contrast",
					"slug": "contrast"
				},
				{
					"color": "#ffffff",
					"name": "Primary",
					"slug": "primary"
				},
				{
					"color": "#ffffff",
					"name": "Secondary",
					"slug": "secondary"
				},
				{
					"color": "#1634c8",
					"name": "Tertiary",
					"slug": "tertiary"
				}
			],
			"text": true
		},
		"layout": {
			"contentSize": "560px",
			"wideSize": "900px"
		},
		"shadow": {
			"defaultPresets": true,
			"presets": []
		},
		"spacing": {
			"customSpacingSize": true,
			"defaultSpacingSizes": false,
			"spacingSizes": [],
			"units": [
				"%",
				"px",
				"em",
				"rem",
				"vh",
				"vw"
			]
		},
		"typography": {
			"customFontSize": true,
			"defaultFontSizes": false,
			"dropCap": true,
			"fluid": true,
			"fontFamilies": [
				{
					"fontFamily": "-apple-system, BlinkMacSystemFont, 'Segoe UI', Roboto, Oxygen-Sans, Ubuntu, Cantarell, 'Helvetica Neue', sans-serif",
					"name": "System Font",
					"slug": "system-font"
				},
				{
					"fontFace": [
						{
							"fontFamily": "Roboto Mono",
							"fontStyle": "normal",
							"fontWeight": "300",
							"src": [
								"file:./assets/fonts/roboto-mono_normal_300.ttf"
							]
						},
						{
							"fontFamily": "Roboto Mono",
							"fontStyle": "italic",
							"fontWeight": "300",
							"src": [
								"file:./assets/fonts/roboto-mono_italic_300.ttf"
							]
						},
						{
							"fontFamily": "Roboto Mono",
							"fontStyle": "normal",
							"fontWeight": "500",
							"src": [
								"file:./assets/fonts/roboto-mono_normal_500.ttf"
							]
						},
						{
							"fontFamily": "Roboto Mono",
							"fontStyle": "italic",
							"fontWeight": "500",
							"src": [
								"file:./assets/fonts/roboto-mono_italic_500.ttf"
							]
						}
					],
					"fontFamily": "Roboto Mono",
					"slug": "roboto-mono"
				}
			],
			"fontSizes": [
				{
					"fluid": {
						"max": "1.0625rem",
						"min": "0.825rem"
					},
					"name": "Small",
					"size": "1rem",
					"slug": "small"
				},
				{
					"fluid": {
						"max": "1.25rem",
						"min": "1rem"
					},
					"name": "Medium",
					"size": "1.125rem",
					"slug": "medium"
				},
				{
					"fluid": {
						"max": "2rem",
						"min": "1.75rem"
					},
					"name": "Large",
					"size": "1.75rem",
					"slug": "large"
				},
				{
					"fluid": {
						"max": "3rem",
						"min": "2.5rem"
					},
					"name": "Extra Large",
					"size": "3rem",
					"slug": "x-large"
				}
			],
			"fontStyle": true,
			"fontWeight": true,
			"letterSpacing": true,
			"textDecoration": true,
			"textTransform": true
		},
		"useRootPaddingAwareAlignments": true
	},
	"styles": {
		"blocks": {
			"core/button": {
				"border": {
					"radius": "0px"
				}
			},
			"core/code": {
				"border": {
					"color": "var(--wp--preset--color--contrast)",
					"radius": "0.25rem",
					"style": "solid",
					"width": "2px"
				},
				"spacing": {
					"padding": {
						"bottom": "var(--wp--preset--spacing--50)",
						"left": "var(--wp--preset--spacing--50)",
						"right": "var(--wp--preset--spacing--50)",
						"top": "var(--wp--preset--spacing--50)"
					}
				},
				"typography": {
					"fontFamily": "monospace"
				}
			},
			"core/comment-author-name": {
				"typography": {
					"fontSize": "0.8rem",
					"textTransform": "none"
				}
			},
			"core/comment-date": {
				"typography": {
					"fontSize": "0.8rem",
					"fontStyle": "normal",
					"fontWeight": "700",
					"textTransform": "none"
				}
			},
			"core/comment-edit-link": {
				"typography": {
					"fontSize": "0.8rem",
					"textTransform": "none"
				}
			},
			"core/comment-reply-link": {
				"typography": {
					"fontSize": "0.8rem",
					"textTransform": "none"
				}
			},
			"core/details": {
				"border": {
					"color": null,
					"style": null,
					"top": {
						"color": "#ffffff82",
						"style": "solid",
						"width": "1px"
					},
					"width": null
				},
				"spacing": {
					"padding": {
						"top": "1.4rem"
					}
				},
				"typography": {
					"textTransform": "none"
				}
			},
			"core/gallery": {
				"spacing": {
					"margin": {
						"bottom": "var(--wp--preset--spacing--50)"
					}
				}
			},
			"core/list": {
				"spacing": {
					"padding": {
						"left": "var(--wp--preset--spacing--70)"
					}
				}
			},
			"core/navigation": {
				"elements": {
					"link": {
						":hover": {
							"typography": {
								"textDecoration": "underline"
							}
						},
						"typography": {
							"textDecoration": "none"
						}
					}
				},
				"spacing": {
					"blockGap": "1rem"
				},
				"typography": {
					"fontSize": "0.9rem",
					"fontStyle": "normal",
					"fontWeight": "300",
					"letterSpacing": "0.06rem",
					"lineHeight": "1.2",
					"textTransform": "none"
				}
			},
			"core/paragraph": {
				"typography": {
					"letterSpacing": "0.06rem",
					"lineHeight": "1.8",
					"textTransform": "none"
				}
			},
			"core/post-author-name": {
				"elements": {
					"link": {
						":hover": {
							"typography": {
								"textDecoration": "underline"
							}
						},
						"typography": {
							"textDecoration": "none"
						}
					}
				}
			},
			"core/post-comments-form": {
				"typography": {
					"fontSize": "1rem",
					"textTransform": "none"
				}
			},
			"core/post-content": {
				"typography": {
					"textTransform": "none"
				}
			},
			"core/post-date": {
				"color": {
					"text": "var(--wp--preset--color--contrast)"
				},
				"elements": {
					"link": {
						":hover": {
							"typography": {
								"textDecoration": "underline"
							}
						},
						"typography": {
							"textDecoration": "none"
						}
					}
				},
				"typography": {
					"fontSize": "var(--wp--preset--font-size--small)"
				}
			},
			"core/post-terms": {
				"elements": {
					"link": {
						":hover": {
							"typography": {
								"textDecoration": "underline"
							}
						},
						"typography": {
							"textDecoration": "none"
						}
					}
				}
			},
			"core/post-title": {
				"elements": {
					"link": {
						":hover": {
							"typography": {
								"textDecoration": "underline"
							}
						},
						"typography": {
							"textDecoration": "none"
						}
					}
				},
				"spacing": {
					"margin": {
						"bottom": "0"
					}
				},
				"typography": {
					"fontStyle": "normal",
					"fontWeight": "300",
					"textTransform": "none"
				}
			},
			"core/pullquote": {
				"border": {
					"bottom": {
						"style": "none",
						"width": "0px"
					},
					"color": "var(--wp--preset--color--contrast)",
					"left": {
						"style": "none",
						"width": "0px"
					},
					"right": {
						"style": "none",
						"width": "0px"
					},
					"style": "solid",
					"top": {
						"style": "none",
						"width": "0px"
					},
					"width": "1px 0"
				},
				"color": {
					"background": "var(--wp--preset--color--tertiary)"
				},
				"spacing": {
					"padding": {
						"bottom": "var(--wp--preset--spacing--50)",
						"left": "var(--wp--preset--spacing--50)",
						"right": "var(--wp--preset--spacing--50)",
						"top": "var(--wp--preset--spacing--50)"
					}
				},
				"typography": {
					"fontSize": "var(--wp--preset--font-size--large)",
					"fontStyle": "normal",
					"fontWeight": "300",
					"lineHeight": "1.6"
				}
			},
			"core/query-title": {
				"typography": {
					"fontSize": "1.72rem"
				}
			},
			"core/quote": {
				"border": {
					"color": "var(--wp--preset--color--primary)",
					"style": "solid",
					"width": "0 0 0 1px"
				},
				"spacing": {
					"padding": {
						"left": "var(--wp--preset--spacing--50)"
					}
				},
				"typography": {
					"fontStyle": "normal"
				}
			},
			"core/search": {
				"typography": {
					"fontSize": "var(--wp--preset--font-size--medium)",
					"lineHeight": "1.6"
				}
			},
			"core/separator": {
				"border": {
					"color": "currentColor",
					"style": "solid",
					"width": "0 0 1px 0"
				},
				"color": {
					"text": "var(--wp--preset--color--contrast)"
				}
			},
			"core/site-tagline": {
				"typography": {
					"fontSize": "0.9rem",
					"fontStyle": "normal",
					"fontWeight": "300",
					"textTransform": "none"
				}
			},
			"core/site-title": {
				"elements": {
					"link": {
						":hover": {
							"typography": {
								"textDecoration": "underline"
							}
						},
						"typography": {
							"textDecoration": "none"
						}
					}
				},
				"typography": {
					"fontSize": "var(--wp--preset--font-size--small)",
					"fontStyle": "normal",
					"fontWeight": "300",
					"textTransform": "none"
				}
			}
		},
		"color": {
			"background": "var(--wp--preset--color--base)",
			"text": "var(--wp--preset--color--contrast)"
		},
		"css": "a:any-link {\n    text-decoration-thickness: .01em !important;\n    text-underline-offset: .20em;\n}\na:where(:not(.wp-element-button)):hover {\n    text-decoration: none;\n}",
		"elements": {
			"button": {
				":active": {
					"color": {
						"background": "var(--wp--preset--color--primary)",
						"text": "var(--wp--preset--color--base)"
					}
				},
				":focus": {
					"color": {
						"background": "var(--wp--preset--color--primary)",
						"text": "var(--wp--preset--color--base)"
					},
					"outline": {
						"color": "var(--wp--preset--color--primary)",
						"offset": "2px",
						"style": "dotted",
						"width": "1px"
					}
				},
				":hover": {
					"color": {
						"background": "var(--wp--preset--color--secondary)",
						"text": "var(--wp--preset--color--base)"
					}
				},
				"border": {
					"radius": "0.25rem"
				},
				"color": {
					"background": "var(--wp--preset--color--primary)",
					"text": "var(--wp--preset--color--base)"
				}
			},
			"caption": {
				"typography": {
					"fontSize": "0.6rem"
				}
			},
			"h1": {
				"typography": {
					"fontSize": "2rem",
					"lineHeight": "1.5"
				}
			},
			"h2": {
				"typography": {
					"fontSize": "1.72rem",
					"lineHeight": "1.5"
				}
			},
			"h3": {
				"typography": {
					"fontSize": "1.5rem"
				}
			},
			"h4": {
				"typography": {
					"fontSize": "1.4rem"
				}
			},
			"h5": {
				"typography": {
					"fontSize": "1.2rem"
				}
			},
			"h6": {
				"typography": {
					"fontSize": "1rem"
				}
			},
			"heading": {
				"typography": {
					"fontFamily": "var(--wp--preset--font-family--roboto-mono)",
					"fontStyle": "normal",
					"fontWeight": "300",
					"letterSpacing": "0.2rem",
					"lineHeight": "1.125"
				}
			},
			"link": {
				":hover": {
					"typography": {
						"textDecoration": "none"
					}
				},
				"color": {
					"text": "var(--wp--preset--color--primary)"
				}
			}
		},
		"spacing": {
			"blockGap": "1.5rem",
			"padding": {
				"bottom": "2vw",
				"left": "2vw",
				"right": "2vw",
				"top": "2vw"
			}
		},
		"typography": {
			"fontFamily": "var(--wp--preset--font-family--roboto-mono)",
			"fontSize": "0.9rem",
			"fontStyle": "normal",
			"fontWeight": "300",
			"lineHeight": "1.6"
		}
	},
	"templateParts": [
		{
			"area": "header",
			"name": "header"
		},
		{
			"area": "footer",
			"name": "footer"
		}
	],
	"version": 3
}